Unity,Sequence
YAL003W,GACATATCAGCATACATGGC
YAL033W,CTGACTTAGTGCATACTGCT
YAL034W-A,GGACCTCTGCTCATTATGCT
YAL034W-A,GGACCTCTGCTCATTATGTT
YAL038W,ATTGAGAGTCAGTGCCAGAT
YAL038W,TCAATGAATTGCTCTCGCGT
YAR008W,CATGAGAGTGAAGCAGTATC
YAR019C,GCGCTTATCACATTTGACAG
YBL014C,AACACGCAGTAATTCCGAGC
YBL014C,TCTCTAACACGCAGTAATTCCGAGC
YBL020W,AATAGCCTTCAACGTCTAGC
YBL026W,ACATCGAGGGAATACGACGC
YBL034C,ATAGTATCGGAACTCGCCGC
YBL034C,TAGTATCGGAACTCGCCGC
YBL035C,ATTCGATGGGAACGATCCGC
YBL040C,ATACTCTCGGAAGGTTGCGC
YBL041W,AATCGCTTTCAACGGATCGC
YBL050W,ACGTATAGCATAAGGTAGGC
YBL092W,ACAGGCGACTAATACTACTC
YBL105C,AGTGCTAATACGGCATAACG
YBR002C,AACTCAACCTCATGTAGACG
YBR011C,AGACCGCATCCATTGGTACG
YBR029C,AAAGCGAACTCATG-TAGCG
YBR029C,AAAGCGAACTCATGTTAGCG
YBR038W,ATATTCCTA-CACGAGGGCG
YBR038W,ATATTCCTAGCACGAGGGCG
YBR038W,TCTCTATATTCCTACACGAGGGCG
YBR049C,ATGAANNTTTCCNAACCTCCCGTANN
YBR049C,ATGAGAGCTTCCGAACCTCG
YBR049C,ATGAGAGTTTCCGAACCTCG
YBR055C,ATCAGAGTCGTAATAGTCG
YBR055C,ATCA-GAGTCGTAATAGTCG
YBR055C,ATCAGGAGTCGTAATAGTCG
YBR079C,ATCACTCGTACAGCGGTAGG
YBR080C,ATTATCGTCGCCAGGGCTTG
YBR080C,TATCGTCGCCAGGGCTTG
YBR080C,TATGTTTGATTCTCTAAAGT
YBR087W,ACCGAGCGTATCGCACTTTG
YBR088C,ATTGCAGCCGAGATCGTCTG
YBR088C,ATTGCAGCCGAGATCGT-TG
YBR088C,CCATTCAAGTGTTATAGAAT
YBR102C,ACGCGACGACTTCTCTGAAT
YBR102C,CTCTACGCGACGACTTCTCTGAAT
YBR109C,ATTGGGCTACCGCGCTACAT
YBR110W,AAATTGCCAGGCCGAGCCAT
YBR110W,TACCGAGGGGTCGTAACTGC
YBR123C,AACCACGTCGGATCAGAGAT
YBR123C,CCACGTCGGATCAGAGAT
YBR123C,CTTCTCCATTCACCTAGGTT
YBR135W,AAGCTATTCGCATTCGGGAT
YBR135W,AAGCTCGCATTCGGGAT
YBR135W,AAGC---TCGCATTCGGGAT
YBR140C,AATGTTCCATCCGGCCTGAT
YBR140C,GCTTCTGTTTTTGCCTCTGCT
YBR140C,TATGTTCCATCCGGCCTGAT
YBR142W,ATTATCGGCCCACGGCTGAT
YBR142W,TATTCGCAGCGACAATAGCTCG
YBR152W,AGCGTTGCTACACGGTATAT
YBR152W,CTCTTGTGGTTAACTATGAT
YBR153W,ACCCGGAGTGCATGGTATAT
YBR153W,CGGCTTAAGTACTATTTAA
YBR155W,AATGGCGTCGCACGTCCTAT
YBR155W,TGCTAGTACCTCGATACCTG
YBR193C,AGACTGTCGTCAGATCCGGT
YBR193C,AGACTGTCGTCAGAT-CGGT
YBR193C,CGACTGCAATCTAATCGTCT
YBR198C,ACCTTCTAGTGAGCTGCGGT
YBR202W,AACTCGTGGCATAGCTGGT
YBR202W,AACTCG-TGGCATAGCTGGT
YBR202W,AACTCGTTGGCATAGCTGGT
YBR211C,ACTTCTGGAGTATCGGATGT
YBR211C,AGGGTTTTTTAATTTTCTCT
YBR236C,ATTTCGTCGAGCCGCGCATT
YBR237W,ACCGCTGCGAGGCTTAGATT
YBR237W,TCAATAAACTACACTCGTTT
YBR243C,ACGTAGGGATGATCGCTATT
YBR243C,TGCTAGCTCCTCCATACGGC
YBR247C,AAGCTGACCTTCTTGCACTT
YBR252W,ACGCGC-GCTTAGATTACTT
YBR252W,ACGCGCGCTTAGATTACTTT
YBR252W,ACGCGCTGCTTAGATTACTT
YBR253W,ATCAGGTGGTCATGGCCCTT
YBR254C,ATGTTGCGACTACGCGCCTT
YBR254C,GTTGCGACTACGCGCCTT
YBR256C,AGGGATATGATACGTGCCTT
YBR257W,ACGGCTACTATGATCTCCTT
YBR265W,AGGCTTTGCTCACTCGGCTT
YCL017C,CTTCAGCGTAAACGAGGAGA
YCL043C,CATTCGGGTAAATCTGAGGA
YCL043C,CTCTCATTCGGGTAAATCTGAGGAT
YCL052C,CCATCTGGAAGAA-TAGGGA
YCL052C,CCATCTGGAAGAATTAGGGA
YCL054W,CCTCATGTTAAAGAGTGGGA
YCL059C,CCGACTGGACAAGTTAATGA
YCL059C,CTCCGACTGGACAAGTTAATGA
YCR012W,ATTTTGCCATCTTTTACAAT
YCR012W,CCAGTGACGCAACTTTACTA
YCR052W,AAGCCCCCATGTGCCTCAAT
YCR052W,AAGCGTCCATGTGCCTCAAT
YCR052W,GCCCCCATGTGCCTCAAT
YCR054C,CAGTCGAGATTTGCACGAAT
YCR054C,GGCGGCCCCTGCGGGTTGCG
YCR072C,ACACT-TAAACGCTGTTA
YCR072C,GACACTTAAACGCTGTTA
YCR072C,GCACACTATAAACGCTGTCA
YCR093W,TAGAGTACGCACAGCGCAT
YCR093W,TAGAGTACGCACAGCGCAT-
YCR093W,TAGAGTACGCACAGCGCATC
YDL003W,CCACAGCTACGGAATTAAG-
YDL003W,CCACAGCTACGGAATTAAGC
YDL003W,GGGATACATTTACTTCGCAT
YDL007W,CGACCCATTAACTGAATAGC
YDL008W,CCATACGTCCGAATTATAGC
YDL014W,CCACTTAGTTCAATAGGCGC
YDL015C,CAACTTTATCGAAGAGTCGC
YDL015C,CTCAACTTTACCGAAGAGTCGC
YDL017W,CCAGACGTGGAACTATTCGC
YDL017W,CCAGACGTGGAACTCGC
YDL017W,CCAGACGTGGAAC---TCGC
YDL028C,CGCCGCCTTTAATAATATGC
YDL029W,ATAATAGCGTTATGTGATGT
YDL029W,CCCGAGTTAATAATCTCTGC
YDL030W,CCGGACATACTTAATTCTGC
YDL030W,CCGGCATACTTAATTCTGC
YDL030W,CCGG-CATACTTAATTCTGC
YDL043C,CCGGTCAGTGAAGTTA-ATC
YDL043C,CCGGTCAGTGAAGTTAGTC
YDL043C,CCGGTCAGTGAAGTTATATC
YDL045C,CGGGCTACTACATACTTATC
YDL045C,TCGTTCGTCTTCCTTTCTCT
YDL055C,CAGGCGCTTGAAGTTTATTC
YDL055C,CAGGCGCTTGAAGTTTATTCCGTC
YDL064W,CAAATTCAATGCGTGGGAAG
YDL084W,ATACAAGTAAGTTGCGAG
YDL084W,CGATACAAGTAAGTTGCGAG
YDL092W,CCATTCACGTAAGGGCTGAG
YDL098C,CTACTGTTCTATCTAGTACACT
YDL098C,CTCACTTGGAGAGGTATTTG
YDL102W,CTTACGTCAGGCGTGGCAAT
YDL103C,CGGACGAGCTTCCATTCAAT
YDL103C,CGGCCATTCAAT
YDL105W,CCGCGACGATTGATTAGAAT
YDL105W,CCGCGACGATTGATTAGAATT
YDL108W,CAGAGGGCACTGTTCTTAAT
YDL108W,GAGGGCACTGTTCTTAAT
YDL111C,CAACGTAGAGTGAGGTACAT
YDL111C,TCTCAACGTAGAGTGAGGTACAT
YDL120W,CATCTCCACTTGCTTTCCAT
YDL120W,CCGAGCTACGGATATTTGAT
YDL126C,CCGACCCTATTAGCTATAT
YDL126C,CCGACCCTATTAGCT-ATAT
YDL126C,CCGACCCTATTAGCTGATAT
YDL140C,AGGCCATAGCTGTGAACTTG
YDL140C,CA-GGATATTGACTACGACT
YDL140C,CAGGGATATTGACTACGACT
YDL143W,CCGTTAGATTCAGTGTGACT
YDL143W,CCTCTCGTTTCCGTATTGT
YDL143W,GTTAGATTCAGTGTGACT
YDL147W,ACCTTTCGGTAGTATTCTCT
YDL147W,CAATGAGTTCGACGTGCCCT
YDL164C,CAATCCCGCGTATATGTTCT
YDL165W,CTCAGTCGGGCATGGTTTCT
YDL193W,GGGCTCTAAACAACGCGCAA
YDL193W,GGGCTCTAAACAATGCGCAA
YDL195W,ACTCTCGCATAAAGTGCGT
YDL195W,GCCTTAGCCAAATAGGGCAA
YDL205C,GACATAAATTATGTTGATAT
YDL205C,GCCGCCCAATTCAAATGGAA
YDL207W,GCCCGAACCACAATGTTGAA
YDL207W,TGCCCGAACCACAATGTTGAA
YDL208W,GGGTGCCACGCCAAACATAA
YDL209C,GGCCCTCCTGAAACAGATAA
YDL212W,GGCTTCAGAACAACCTCTAA
YDL217C,GCCGCCGCTCAATAAATTAA
YDL217C,GCCGCCGCTCAATAAATTAAT
YDL235C,GGCCCTTATGAACAATACCA
YDR002W,GGCTACCGCAAATAATCCA
YDR002W,GGCTACCGCAAATAATTCA-
YDR002W,GGCTACCGCAAATAATTCAG
YDR002W,GGCTACCGCAAATAATTCCA
YDR013W,AAATTTCGATATATTATAAT
YDR013W,GGCCGAACTATAAATCCTCA
YDR021W,GGACAGCCAACCAAGTTTCA
YDR021W,GGACAGCCAACCGAGTTTCA
YDR041W,GAGACGACCCAATTACGCGA
YDR044W,GCCATAACCCAATGTTTCGA
YDR045C,GGCCTAACTCAACAGACGGA
YDR047W,AGGTTTCGGTTCTATCTGAT
YDR047W,GATAATTCCCAACCATCGGA
YDR047W,GATAATTCCCAACCATTGA-
YDR047W,GATAATTCCCAACCAT-TGA
YDR050C,GTACATAACTTCAAGCGACC
YDR050C,TCTTATATTGCTTTACTTTTCGCT
YDR052C,GCTATCTACGAATTAGGACC
YDR052C,GCTATCTACGAATTAGGACT
YDR060W,ATCACCATAATAGTACCC
YDR060W,GGATCACCATAATAGTACC
YDR060W,GGATCACCATAATAGTACCC
YDR062W,GCCAAGAAAGAATGTTGCCC
YDR064W,GACAGAGGTTCAACATNCCC
YDR064W,GACAGAGGTTCAACATTCCC
YDR082W,CTCTGATAGACCTTAATCACCGC
YDR082W,GATAGACCTTAAT-CACCGC
YDR082W,GATAGACCTTAA-TCACCGC
YDR082W,GATAGACCTTAATTCACCGC
YDR086C,GCGGTTAATAGACATTTCGC
YDR086C,GCGGTTAATAGACATTTCGCCG
YDR087C,GGATTAGTAAGATATTTCGC
YDR087C,GGGCTAGTAAGATATTTCGC
YDR088C,GGATTAGTACCACTCACGGC
YDR091C,GAGATTTACTAACCCTCTGC
YDR091C,GAGATTTATTAACCCTCTGC
YDR118W,GACAGCCTCTAATTTACGTC
YDR118W,GCCAGCCTCTAATTTACGTC
YDR141C,GATACCCGAACATTTGTTTC
YDR141C,GATACCCGCACATTTGTTTC
YDR145W,GATTACGGGCCGGAGTAGGT
YDR145W,GGTTCATACACCCATCTAAG
YDR145W,GGTTCATACACCCATCT-AG
YDR160W,GTGAAAGGTCCCTGCACTCT
YDR166C,GGATGAGGACGATTACTTCT
YDR167W,GGGATACGATTTCAGCTTCT
YDR168W,GAGACGCCGGTCATTCTTCT
YDR168W,TCTCTGAGACGCCGGTCATTCTTCT
YDR177W,GTAATGACTCCTCAGCCGGT
YDR180W,GAATGACCTTTCTCACCTGT
YDR182W,GGCGCGTTTCTTCAATT
YDR182W,GGGCGCGATTTCTATCAATT
YDR182W,TGGCGCG-TTTCT-TCAATT
YDR188W,GCGCCTTAGTTTCACAGATT
YDR188W,GCGC-TTAGTTTCACAGATT
YDR188W,TCTCTGCGCTTAGTTTCACAGATTC
YDR196C,GGCGTGATATTACGTGACTT
YDR201W,GATGGGCTCCTACTATCCTT
YDR212W,CCTCTCAATTGTAATGTTGT
YDR212W,GTACATGTCGGCACATCGTT
YDR212W,GTACGTGTCGGCACATCGTT
YDR224C,CCTGTTAAGTAATGTAATCT
YDR224C,TGGGCTCACAAACGTCCAAA
YDR228C,TGCTGGCCGAAAGAACCCAA
YDR235W,TGTGATCCAACAACCCGGA
YDR235W,TGTGATCCAACAACCCGGA-
YDR235W,TGTGATCCAACAACCCGGAA
YDR243C,AGGGTAAAGTGAACTCCATT
YDR243C,TATATTCAGAGCCCGGTCCG
YDR246W,CCGGGGCTAAGTGTTCCG
YDR246W,TCCAGTGGCTAAGTGTTCCG
YDR246W,TCC-GGGGCTAAGTGTTCCG
YDR246W,TCCGGGGCTAAGTGTTCCGCG
YDR267C,TTTGACCGCCTACATCGAGG
YDR267C,TTTGACCGCTACATCGAGG
YDR267C,TTTGACCG-CTACATCGAGG
YDR288W,GGCCTTTCATACCTTCATCT
YDR288W,TATTCAGGTACACCCGCTGG
YDR308C,TAGGACGTTAGAGACTTCTG
YDR308C,TTTCTATGGTTTCATATGTT
YDR311W,TATTAGCCAACCCGCAAGTG
YDR311W,TATTAGCCTACCCGCAGGTG
YDR328C,TCGGACGACGGATTTGACAT
YDR328C,TCGGAGACGATTTACAT
YDR328C,TCGGA-GAC-GATTT-ACAT
YDR328C,TTCGGA-GAC-GATTT-ACA
YDR331W,GTCCCTTACGCGAGTAGCGAT
YDR331W,TCCCTTACGCGAGTAGCGAT
YDR339C,ACTCCGATGTAAGTGGTTAG
YDR361C,ATATAGGCCCGTAAGCTCCG
YDR362C,ATAGGCGACCCAGTATTCCG
YDR367W,AACATTCTGTAACGGGCGCG
YDR373W,ATTTAGTCTCCACACGGGCG
YDR381W,ATAGGCGTGTAACGTCCTCG
YDR381W,CACTTATTCTGTAATTCGGT
YDR390C,ATAGATGGCCCACCTTTCG
YDR390C,ATA-GATGGCCCACCTTTCG
YDR390C,ATAGGATGGCCCACCTTTCG
YDR394W,ATTACCTACGTGGCACCAGG
YDR397C,AAACACTCAGCACCGTTAGG
YDR412W,ATCGCGCTTTAATCCCGTGG
YDR434W,AGCGAGGACCTTCTCCCAAT
YDR434W,AGTGAGGACCTTCTCCCAAT
YDR437W,ACTTATTGCGGATCGCCGGT
YDR454C,ATATGTACCGCCCGACTGT
YDR454C,ATATGTACCG-CCCGACTGT
YDR454C,ATATGTACCGGCCCGACTGT
YDR460W,ACCGCTGGACGATTTGTTGT
YDR460W,CCTGTGTCTTCGTATTTGGT
YDR464W,AGGGCCTCCTTCTCATAATT
YDR468C,ATTTGAACGGCGCGGCCATT
YDR468C,ATTTGAACGGCGCGGCCATTC
YDR468C,TTGAACGGCGCGGCCATT
YDR473C,ACCTCGCGTATAGGGTGATT
YDR473C,CCTTGCGTATAGGGTGATT
YDR473C,TCCTTGCGTATAGGGTGATT
YDR478W,ACACTCGGGCGATAGGTATT
YDR478W,ACACTCGGGCGTAGGTATT
YDR478W,ACACTCGGGCG-TAGGTATT
YDR489W,ACCTTATGTTGAGAGGGCTT
YDR498C,AATCTTGACGTGCCCGCGTT
YDR527W,ACCTCGCTCGGGATGTGTTT
YDR527W,TTCTTTTAATTATTTTCGCT
YDR531W,CAGATTGTCTGCAATATATT
YDR531W,CCCGCGTTCAAAGAAGGCAA
YEL002C,CCGTATGCCAAAGAAGCCA
YEL002C,CCGTATGCCAAAGAA-GCCA
YEL002C,CCGTATGCCAAAGAATGCCA
YEL026W,TCCCGCATTCCAGATGATGG
YEL032W,TCATCGGACTCACGGTGCAT
YEL032W,TCATCGGACTCACGGTGCATCGTACGC
YEL034W,CATGAGCTACGATGGTGCAT
YEL055C,CGCTGACAGTAACTTTCATC
YEL055C,CTGACAGTAACTTTCATC
YEL058W,GCCATCACTTTGAACAGATC
YER009W,GCCGCGTCGAGAATAAGATA
YER013W,CTAATATTGTTCATTTACAT
YER013W,TTGCAGCGAGAAGAGCACAC
YER018C,ACATGAAGTGAACTCCAGGC
YER021W,AGCGACACTCTATACAGATC
YER036C,CACGCCCTTACATGATATGG
YER038C,CATTCTCATCCAGCGTATGG
YER038C,TAGATAGTATGGTCTTCATT
YER048W-A,GGCCCTATACCATAATGATC
YER093C,TCACGGCGCTCATGGATCAT
YER094C,GATTTCAGTCCATCTGCGCT
YER112W,CACTACGCAGAAGGTGACAC
YER112W,CACTAGCAGAAGGTGACAC
YER112W,CACTA-GCAGAAGGTGACAC
YER112W,CTCACTA-GCAGAAGNAGTG
YER125W,ATCTGCTCAGCAGTAATCATTCTC
YER125W,GCTCAGCAGTAATCATTCTC
YER126C,CATAGGCTTGAAGGATTCTC
YER126C,CATAGGTTTGAAGGATTCTC
YER126C,CTCATAGAGTTTGAAGGATT
YER136W,ATCATATCAGGCAGAGGACG
YER148W,ATTTGGGCAGCGCCACTCAT
YER148W,GTTGCTGGAACTCAACTGCACN
YER159C,GCCATCCATACAAGGGTAGA
YER159C,TTAATCTGTTCCGCTAAAAT
YER171W,CGGCGTTTCTGTTCTAAATA
YER171W,GTGACACCAGCATATTACAC
YFL002C,ACTTTGGTATTTTCTGGAGT
YFL002C,TATTGATAACGACGACGCAG
YFL005W,CTCATGTAAGGTAAGCGCAG
YFL009W,AGAGTACCTACCATTCGCAG
YFL009W,AGTACCTACCATTCGCAG
YFL009W,CTTTTTTATTCTCTTACAGT
YFL017C,ATAGCACGCCCATTTGGCAG
YFL022C,CGCAGAGTAGTTAATTGCAG
YFL022C,TGTGTGATCTAAAGTTTTCT
YFL024C,AAGTCTCAGTAAGGTTGCAG
YFL038C,GCACTCTTACTAATGCTCAG
YFL039C,TAGGTACAGACCGATCTCAG
YFR002W,GATGATCCCTCACAGCAGAG
YFR002W,GATGATCCCTCACAGCAGAGCA
YFR003C,ATCGAACCAGCATTGCAGA
YFR003C,ATCGAACCAGCATTGCAGA-
YFR003C,ATCGAACCAGCATTGCAGAG
YFR004W,ATCAGCAGCGGTAATCAGAG
YFR004W,TTATTTTTTTCTTTATAT
YFR005C,GGACCCAGTTACCATCAGAG
YFR005C,TCTCTGGACCCAGTTACCATCAGAG
YFR027W,ATGTACTGAGCACCACCGAG
YFR027W,CGTAGTACATATTTGGACCC
YFR028C,AAGCGTCTTAAAGCACCGAG
YFR028C,AAGCGTCTTAAAGCACCGAGCGTAC
YFR028C,AAGCGTCTTGAAGCACCGAG
YFR029W,GTGTACTACCCATGACCGAG
YFR031C,GGATCATTACCATTCCCGAG
YFR031C,TTTGTCAGCTGCCTTGTAAT
YFR037C,GGGTCCTAACTCACTATATC
YFR042W,CAGAGGACTATAACGGTATC
YFR050C,CCGCAGCTCTAATTGTTATC
YFR051C,GCCACGCTACTAAGTTTATC
YFR052W,AGGTGAATCTCGCTCAACTC
YGL018C,CCGGGATATAATTAAGTCC
YGL018C,CCGGGATATGAATTAAGTCC
YGL018C,CCGGGATATGAATT-AGTCC
YGL018C,GGGATATGAATT-AGTCC
YGL022W,CAGGTTTATCAATGGGTTCC
YGL030W,CATTCAAATAAAGGGTGGGC
YGL044C,CCAGTTCGACTAAGGGATTC
YGL044C,CTCAGTTCGACTAAGGGATTC
YGL044C,TCAGTTCGACTAAGGGATTC
YGL047W,CCCGTAGACGTAATGATTTC
YGL047W,CCGTAACGTAATGATTTC
YGL048C,CCGTACCTGGAATATCTTTC
YGL061C,CATTCGGGCTAAGTTTGTAG
YGL073W,CGGGTGTAATACTATATCCG
YGL073W,TCTCTCGGGTGTAATACTATATCCG
YGL075C,CCTTTACTATAATGGTCGCG
YGL091C,AAATAGACCCGCCGGTAATG
YGL091C,CAATAGACCCGCCGGTAATG
YGL093W,AAACCCTAGTGGTGTAGCTA
YGL093W,CTACCCTAGTGGTGGAACTG
YGL097W,CGACGATTTCCCAGTATTTG
YGL098W,GCTGCCCGGAAATAACCGAA
YGL098W,GCTGCCCGGAAATAACCGAAT
YGL103W,CGGTTACACAACGTATAA
YGL103W,GCCGGTTACACAACGTATAA
YGL103W,GCCGGTTACACAACGTATAATG
YGL112C,GGGTTTACCACAATCCAACA
YGL113W,GGGCCGCGTAAACCATAACA
YGL116W,GGTGCCCTTAAATACAACCA
YGL116W,GTGCCCTTAAATACAACC
YGL116W,TGCCCTTAAATACAACCA
YGL120C,GGAGGACCAAACACCTTCA
YGL120C,GG-AGGACCAAACACCTTCA
YGL120C,GGGAGGACCAAACACCTTCA
YGL120C,TGGAGGACCAAACACCTTCA
YGL122C,GGGTCCCACGAATAACCAGA
YGL123W,GGTGGCAA--ACCCAAACGA
YGL123W,GGTGGCTACAACCCAAACGA
YGL123W,TGGC-A-AACCCAAACGA
YGL142C,CCCT-CTCTCAAAGTTTA
YGL142C,GGCCCTACTCTCAAAGTTTA
YGL142C,GGCCCT-CTCTCAAAGTTTA
YGL142C,GGCCCTCTCTCAAAGTTTAC
YGL150C,GGTGTCCACTAATACAAACC
YGL155W,GGACTACAGGAATTACCACC
YGL169W,GGAGTACGTCACTAACCGTC
YGL172W,GGTTACAGTACATACCCTTC
YGL207W,TCTACGTTGGGCAGTACCGT
YGL225W,TTTGGACCCGTGAGCCGATT
YGL225W,TTTGG-CCCGTGAGCCGATT
YGL225W,TTTGGCCCGTGAGCCGATTC
YGL247W,TCCGTATCGGGACTGTCGTT
YGR005C,AAGACCCAGGTGGTAAACGC
YGR013W,AATTCGTAAGCACGGGTAAG
YGR024C,AAGTGGCCTTAACTCTACCG
YGR029W,CCTAGAACAGTCCGTTAAAC
YGR029W,GCGCATCGCGAATCGCGATT
YGR048W,CTTTACTAAGGAGTCGGAAG
YGR074W,CCTTACGTTAGAGGTGGTCT
YGR075C,ACCATCACATATACTGGGGT
YGR075C,CCATTACGTTTGACGAGGG-
YGR075C,CCATTACGTTTGACGAGGGT
YGR082W,CACCCGGATTTCGCTAATTT
YGR082W,TGTTTATCGTGATTTGTGGT
YGR090W,CTTACCCAAACGCTTAAA
YGR090W,GGCTTACCCAAACGCTTAAA
YGR091W,GTGGCCGTAACCAAACCGAA
YGR091W,GTGGCCGTA-CCAAACCGAA
YGR091W,GTGGCCGT-ACCAAACCGAA
YGR091W,TCTATTTATTTATTTGATCT
YGR095C,GCCGTAAGGAAACCGTACCA
YGR098C,GTGGAGAACGGAACCTAACC
YGR098C,GTGGATATCAAATCCTAGCC
YGR099W,GATTAACCGTAAGGGACTTC
YGR113W,GGGCCAAACGGATTGTATTT
YGR116W,GCCCTAGCCCGGATTAGTTT
YGR119C,TTACTTTAGCCCACCGAGGG
YGR120C,TTACTACCGCCAGGTTAGGG
YGR128C,GGCATAACTACCAACCGA
YGR128C,TGGGCATAACTACCAACCGA
YGR140W,GCCACTAATGACAACTTCGA
YGR145W,TGCCCATACCAAGAACAGGA
YGR145W,TGCCCATGCCAAGAACAGGA
YGR147C,GAGTCCGACCAACATCAGGA
YGR158C,CCCACAGAGGTTAAACGGGA
YGR172C,CCACCAGCAAGCATATTGGA
YGR175C,AAATTATACAAGCATAAACT
YGR175C,GTCCTCCAGAACTCAAATGA
YGR185C,ACTTGGCTACAATTCGCTGA
YGR195W,ACCAAGTGTGACCAACGTGA
YGR211W,AGACCCGAGAAAGCCCTTGA
YGR216C,GGCACAGTAACACACTTTGA
YGR218W,CCAGTATCCCAAGAGTTTGA
YGR245C,ACTAATGACTAAGACGCCTC
YGR246C,ATAGCTCTCTAATTGGCCTC
YGR251W,GGAAACAATACATGCTCCTC
YGR253C,GACTTCACCCAGTGGACG
YGR253C,TAGACTTCA-CCAGTGGACG
YGR253C,TAGACTTCACCCAGTGGACG
YGR253C,TAGACTTCACCCAGTGGACGC
YGR264C,CCAGCAGGTTATCTAATACG
YGR264C,CCTCCANGCAGGTTATCTAATACGCGTG
YGR267C,AATACACGGTACTCGATACG
YGR267C,AATACACGGTACTCGATAG
YGR267C,AATACACGGTACTCGATA-G
YGR277C,ATAGAGACCTCGTGGACATC
YGR277C,ATTGCAGACTACGGCCTACG
YGR277C,ATTGCAGCTACGGCCTACG
YGR278W,AAGTACAGGTAATGCCTACG
YGR278W,AAGTACAGGTAATGCCTACGC
YGR278W,GTACAGGTAATGCCTACG
YHL015W,CACTGCTTGCGATGTGCGTC
YHL015W,CACTGCTTGCGATGTGCGTT
YHL015W,CTGCTTGCGATGTGCGTC
YHR019C,CGGCCTATCAGAGAATTATC
YHR019C,CGGCCTATCAGAGAATTATCC
YHR023W,CACTGCTCTGAAGTTGGGTC
YHR024C,ACAGGTAAGCCAGCATGGTC
YHR036W,TCAGCTCAGAGGGCTTAATG
YHR058C,GCTACAGCTAAAGCACGTCA
YHR068W,CAGAAGCTGCAACAGGTGTA
YHR069C,TGCAGAGAATAACTGTGACC
YHR070W,CATAAGACGCATATTGACC
YHR070W,CATA-AGACGCATATTGACC
YHR070W,CATACAGACGCATATTGACC
YHR083W,CATAGCAGATGCACGTTGAG
YHR088W,TATATTGACGCAGGCTCA--
YHR088W,TATATTGACGCAGGCTCAG
YHR088W,TATATTGACGCAGGCTCAGG
YHR101C,TCATCGCTGAGAGTGTTCGT
YHR107C,CCGTGATGGAAATATGGACA
YHR118C,CAGCGACTGCAACTATTGTA
YHR118C,CAGCGACTGCAACTATTGTACGA
YHR128W,CATTACGGGTGACCAGTGAT
YHR128W,TCCCTTCCTCCTTGA
YHR148W,TACGAGGCTAGACTACTATG
YHR166C,CTCTTAGTTCGGTACATTGCCTGT
YHR166C,TAGTTCGGTACATTGC-CTG
YHR166C,TAGTTCGGTACATTGCGCTG
YHR170W,TTTACGAGGCGACGCATCTG
YHR186C,TACCTCGGAGACGCGATTG
YHR186C,TA-CCTCGGAGACGCGATTG
YHR186C,TATCCTCGGAGACGCGATTG
YHR190W,TACTTGTGAGCAGGCCCTTG
YIL003W,CATTGGCAGCGATGTTGTCT
YIL019W,GCGCGATGAATACACATGAC
YIL021W,CCGATCTTATCAACGATGAC
YIL021W,CGATCTTATCAACGATGAC
YIL022W,ACAGGCTGAGAACTGATGAC
YIL022W,ACAGGTGAGAACTGATGAC
YIL022W,ACAGG-TGAGAACTGATGAC
YIL051C,GATTGATCGCTCCGCATTCT
YIL051C,GATTGATCGCTCCGCATTCTT
YIL051C,GATTGATCGCTCGGCATTCT
YIL062C,CAATCTCGACCAATCGTGGA
YIL068C,CGCATGGATAAATGGGTCTA
YIL068C,CGCATGGATAAATGGTCTA
YIL068C,CGCATGGATAAAT-GGTCTA
YIL075C,ACACTCTAGGAATGGCGAGC
YIL078W,ATACACGCTCGGAAGACTGC
YIL109C,CATAGATCGAAAGCTCGCCA
YIL115C,CGTAAGGGTGCGCTGCCGCT
YIL115C,TCCCTGAATACAATGCCAGA
YIL126W,CAACTAGGCGAATGAGGCC
YIL126W,CAA-CTAGGCGAATGAGGCC
YIL126W,CAATCTAGGCGAATGAGGCC
YIL144W,TCTGTGAAGCTGATGTAACG
YIL144W,TCTGTGAAGCTGATGTAACGT
YIL147C,TATGCAGCTCGATGGACACG
YIR006C,AATAATGCGCTGCAAGGGCC
YIR008C,AATAAGAGTCACGCGCTCGC
YIR008C,AATAAGAGTCACGCGCTCGCC
YIR008C,TAAGAGTCACGCGCTCGC
YIR011C,TGAGCTAAGCCAGACGCATC
YIR012W,AGAGAGCAGCTAACCGCATC
YIR015W,AGTAGCTCTATAACCTGCTC
YIR015W,AGTAGCTCTATAGGCTGCTC
YIR022W,GCGTCTTATACACCTTTACG
YIR022W,GTCTTATACACCTTTACG
YJL002C,GGGTAGCACACAATCAGCA
YJL002C,GGGTAGCACACAATCAGCA-
YJL002C,GGGTAGCACACAATCAGCCA
YJL002C,GGGTAGCACACGATCAGC-A
YJL008C,AGCGTACAGGATGTCTGGGA
YJL008C,CAGCCGATGTTCCAGTCTGT
YJL012C,TAACGCTCTATATCGCCT
YJL012C,TGAGACGCTCTATATCGCCT
YJL012C,TGAGACGCTC--TATCGCCT
YJL031C,CGCTCCATAAACGATCTGAA
YJL034W,GATGATCTCCGAGCACGTCT
YJL034W,TCTGATGATCTCCGAGCACGTCT
YJL035C,AGCTAACCCTGCAGGATGAG
YJL035C,CCTCGATGCGTAGATAGTCT
YJL050W,AATATGACTGAGCATGTGCG
YJL050W,TATGACTGAGCATGTGCG
YJL074C,CTACTGTGACAAGTGATGGA
YJL074C,CTACTGTGACAAGTGTTGGA
YJL076W,CCTAGATCGCAATAGAGGA
YJL076W,CCTAGATCGCAATAGA-GGA
YJL076W,CCTAGATCGCAATAGATGGA
YJL087C,ATCATCTGCGGAGAGAGTCC
YJL087C,ATCATCTGCGGAGAGAGTCT
YJL090C,GCAGTCTACTCATTCCTGAT
YJL091C,GATGCTCACCTAGACCTGAT
YJL097W,AACCGCATCGCATTTGTGTG
YJL097W,AACGCACGCATTTGTGTG
YJL097W,AA-CGCA-CGCATTTGTGTG
YJL109C,GGCATCTATACCAGGCTCAG
YJL125C,GCTGACACTAACGA
YJL125C,GCTGACACTCAACGAATCTA
YJL143W,CTAGAGGGCAAATCTGCGAA
YJL156C,ATGTCACCCGCAGTTCTGTG
YJL173C,CATGGTTACGAATATGCAGC
YJL203W,CAGTACCCGAGATGCTGGAT
YJR006W,GCCGGGACATCAATTCAATA
YJR006W,GCCGGGACATCATATA
YJR006W,GCCGGGACATGA----TATA
YJR013W,AGATAGATGAGACCCACGCC
YJR013W,CAAGTAAAGATAGTTTTTTG
YJR016C,ACACGTAGAGAATCGC
YJR016C,GAGACACGTAGAGACATCGC
YJR016C,GAGGTACACGTAGAGA-ATCGC
YJR017C,GATTACATAACCTGCATCGC
YJR017C,TCTGATTACATAACCTGCATCGC
YJR022W,GAGGATTCACGACAGCCATC
YJR041C,ACTGTGCTATAGCCTGGATT
YJR041C,CATGGACTACGATGATGCG-
YJR041C,CATGGACTACGATGATGC-G
YJR041C,CATGGACTACGATGATGCTG
YJR046W,TGGGTCATATATGCCATCAA
YJR046W,TTCAGGTACGGCATGAGCAT
YJR046W,TTCAGGTACGGCGTGAGCAT
YJR057W,CATCTCCGACAAGCTGAAGA
YJR057W,CATCTCCGACAGGCAGAAGA
YJR065C,CCAGCAGCTCAATCTTGTTA
YJR067C,GCGGTATTGACATATAGACA
YJR067C,GCGGTATTGACATATAGACG
YJR068W,GACTGACGTACATTGTGACG
YJR068W,GACTGACGTACATTGTGACT
YJR072C,GATTATATGACATGGGACCG
YJR072C,GATTATATGACATGGGACCGT
YJR076C,GATCAGTCTACATTCGTCCG
YJR112W,CAGTACGCCATATACCTA
YJR112W,GTCAGTACGCCATATACCTA
YJR112W,GTCAGTACGCCATATACCTG
YKL004W,CCCTAAACAACAGGTTCGTA
YKL004W,TCTCTCCCTAAACAACAGGTTCGTA
YKL006C-A,CCTCGGACAGAATATAGGTA
YKL012W,GCGACCGAAGTAACCATGTA
YKL018W,CCGAGTAGAATCAAGGTGTA
YKL018W,CTCTCCGAGTAGAATCAAGGTGTA
YKL021C,ACAGAGGCAACTT-CGTA
YKL021C,AGACAGAGGCAACTT
YKL021C,AGACAGAGGCAACTTGTGTA
YKL021C,CTAGAGACCTCGTGGACATC
YKL022C,GGACCACTAACAGACTTGTA
YKL028W,CGCGGAACACCATTCAATTA
YKL028W,TCGCGGAACACCATTCAATTA
YKL033W,AGCCCGTCAAGAGAACTTA
YKL033W,AGCCCGTCAAGAG-AACTTA
YKL033W,AGCCCGTCAAGAGTAACTTA
YKL035W,GGCAATGTTACGCAACCTTA
YKL042W,TAACCCTCAACAGGTGCTTA
YKL045W,CGACGATCTCAGAACAGTTA
YKL052C,CCCGATTATGGCAATGGTTA
YKL058W,CGGTACGAAGAAGCGATTTA
YKL059C,CCGCACACCAGAATGATTTA
YKL060C,CCGATATGTCGCAACCTTTA
YKL060C,CCGATATGTCGTAACCTTTA
YKL060C,TTCCGATATGTCGTAACCTTTA
YKL088W,CTGCCTACTAAGAACGTAC
YKL088W,GGCTGCCTACTAAGAA
YKL088W,GGCTGCCTACTAAGAAC---
YKL088W,GGCTGCCTACTAAGAACAAC
YKL095W,GTTTCCGATACAGAACCAAC
YKL099C,GCTCATACGATAGAACCGAC
YKL104C,TCGCCTGAACGACAAAGGAC
YKL104C,TCGCCTGGACGACAAAGGAC
YKL108W,CTCCGATAAGCGAAGAGGAC
YKL112W,TCCAATGTAGCTCAAGGGAC
YKL122C,CCCGAATGCTTATCAATGAC
YKL125W,CTAACATGAGTGCAAGTGAC
YKL141W,GCGGTACATACAGTCAATAC
YKL144C,GTGGGCATAAGTGAACATAC
YKL144C,GTGGGCATAAGTGACATAC
YKL144C,GTGGGCATAAGTG-ACATAC
YKL145W,GGTGGCATAATCAGACATAC
YKL152C,CGACGAACCGAATGCGATAC
YKL152C,CGACGAACCGAATG-GATAC
YKL152C,TCGACGAACCGAATGGATAC
YKL154W,CCGACACTGTGAACATATAC
YKL165C,TAGACCGAACGACGACTAC
YKL165C,TAGACCGAACGACG-ACTAC
YKL165C,TAGACCGAACGACGTACTAC
YKL165C,TCG-GTCTAAGAGAC-CTCG
YKL173W,GAAGTCGAAGGAATCTCTAC
YKL180W,GCCCATTACTTAGAACGTAC
YKL186C,AGACATCCCGAATCTGGTAC
YKL189W,CCAGAGAGCTGACGAATTAC
YKL193C,AACGTTAATTAAATTAGGTT
YKL193C,TCCGAAGCATAATGGAACCC
YKL195W,GAAGAGCATGTCGAACACCC
YKL196C,GGGAAGATAGCCTAACACCC
YKL203C,ATCAAAGTAAGAGACACCGT
YKL203C,GGATGTAACACAGCATACCC
YKL210W,GGACTAACGACA-AGCCC
YKL210W,NGGACTAACGACAAGCCC
YKL210W,TAGGACTAACGACAGAGCCC
YKL210W,T-GGACTAACGACA-AGCCC
YKR004C,AGTATGTGAACACTCACCCC
YKR004C,AGTATGTGAACACTCATCCC
YKR004C,GTAAGGGCTTGTTTTCAATT
YKR037C,GTGACACAATAATGACCGCC
YKR062W,CTGAATCCCAAATAATGGCC
YKR068C,TATCGAGACGGAGCATACCG
YKR068C,TTATCGAGACGGAGCATACCG
YKR071C,GGCACTCTGACATAGTACCG
YKR071C,TCACTAAACTAAGCTTGTTT
YKR079C,AAGCTCGTCACAAATTGGTG
YKR079C,ATAGCATACCGAGTGACCCG
YKR083C,AACTGTGTGGAATTAGCCCG
YKR083C,AACTGTGTGGAATTAGCC-G
YKR086W,CACCAGTTTGTGAAGACGCG
YKR086W,CCAGTTTGTGAAGACGCG
YLL003W,CTAGAATCCGCATGTACTCG
YLL011W,GCAGCTCGTCACAGGTATTG
YLL018C,ATGGCTCATCGCCTCAGAGT
YLL018C,TATTACTCCGGAGTATCTGC
YLL031C,TGACACAGCGCCAAGCAGA
YLL031C,TGACACAGCGCCAAGCA-GA
YLL031C,TGACACAGCGCCAAGCATGA
YLL034C,CCAGTAAGCGCAACGCAGTA
YLL036C,AGCTCTCCAACGGCAGTA
YLL036C,ATAGCTCTCCAACGGCAGTA
YLL050C,ATTCGATGTGCGTGGCCCT
YLL050C,TGGATATGCCCATCACCGAG
YLR005W,TCTATGCTGAGAGATCGAGT
YLR005W,TCTATGCTGAGAGATCGAGTCGN
YLR007W,GGAGCGCCACAACTGACA
YLR007W,TGGAGCGCCACAACTGAACA
YLR007W,TGGAGCGCCACAACTG-ACA
YLR009W,GGTGCCAAGACAGCTTAACA
YLR010C,GCGCCTACTAAAGTTCATCA
YLR026C,ACCAGCCATATAACTTGAGC
YLR029C,GCCTCAGACATCATAATAGC
YLR033W,GCGTATATGGGATCTGACTT
YLR045C,GGCACGTCTCGATTGATGTT
YLR066W,TGGAGCCTCAAATCCCATAA
YLR066W,TTTGGAGCCTCAAATCCCATAAT
YLR071C,TCTTATAGAAAGGCGGACA
YLR071C,TCTT-ATAGAAAGGCGGACA
YLR071C,TCTTGATAGAAAGGCGGACA
YLR075W,TGGGTATGCACAACCAACCA
YLR075W,TGGGTATGCACAACCAACCAT
YLR086W,TCCTGCCGGAGAAGAAAGCA
YLR086W,TCCTGCCGGAGAAGAAAGCANCGTACGC
YLR088W,TTGCCGGGAGACAAACAGCA
YLR088W,TTGCCGGGAGACAAACAGCAT
YLR100W,AGCGAACCAAGCCGCAGA
YLR100W,TTAGCGAACCAAGCCGCAGA
YLR106C,TGATTGATATGCCGTATTTT
YLR106C,TGCTCAACCCAAGGAGACGA
YLR115W,TCTGCGAGCCCAAGAAAGGA
YLR116W,TCAGGCCGTAAATGCCGGA
YLR116W,TCAGGCTGTAAACTGCCGGA
YLR116W,TCAGGCTGTAAA-TGCCGGA
YLR117C,TCCCAGCGAAGAATATCGGA
YLR117C,TCCCAGCGAAGAATATCGGACG
YLR117C,TCCCCAACCGAAGAATATCGGA
YLR127C,GGATCTTCTCACCCGTGT
YLR127C,TGGGATCTTCTCACCCGTGT
YLR129W,TCTATCCCGCTAGGGTGTGT
YLR145W,TTACTCGTGCTCAGGGCCTT
YLR145W,TTACTCGTGCTCAGGGCCTTCCGTAC
YLR147C,TATAGCCGTCTAGCCGACTT
YLR147C,TTAACCGTCTGGAGATGCTT
YLR163C,TACTCTTGCGTCGAGCGGTT
YLR166C,TCGATCTAGGTGGCGAATTT
YLR167W,TCGGACTCGTGACGCTATTT
YLR167W,TCGGAGTGGTGACGCTATTT
YLR186W,AAGACGCTACAACCGTGGGA
YLR186W,CATGATCGGAAACGTCAGCA
YLR195C,ATAACCGACCGCAAGGGCTA
YLR195C,ATAACCGACCGCGGGGCTA
YLR195C,ATAACCGACCGC-GGGGCTA
YLR196W,AAAGACCCTCCAATGGGCTA
YLR197W,AACAGTTGCCAAGGGCCGTA
YLR197W,AACAGTTGCCGAGGGCCGTA
YLR212C,AGACAGCCGGAACCAGTTAC
YLR215C,ATTACTCGCGGCAGGCAGAT
YLR215C,ATTACTCGGCGGCTGGCAGA
YLR215C,ATTACTCGGCGGCTGGCAGAT
YLR229C,CTAAGGTGGTAGAATCTTCC
YLR229C,CTAAGTGGTAGAATCTTC
YLR229C,CTAA-GTGGTAGAATCTTC-
YLR229C,CTAAG-TGGTAGAATCTTCC
YLR249W,GGACCACTTATTCAACAAGC
YLR275W,TGAATACATGGAAAGCCAGC
YLR275W,TGAATACATGGGAAGCCAGC
YLR275W,TTGAATACATGGGAAGCCAGC
YLR291C,CTAATCTAGTAGGAAGGAGC
YLR293C,TCAGGAACGCTACTGAGTTT
YLR293C,TGACTAAGCCCACCTGGAGC
YLR293C,TGACTAAGCCCATCTGGAGC
YLR298C,ACATTCACTCGAAGTTGAGC
YLR305C,TCACCCACGATAAGGATAGC
YLR310C,CTAACACTGGTTCAAGTAGC
YLR314C,CCCTTCTGATACGATCATCT
YLR314C,CGCCTACTGATAAACTTAGC
YLR316C,TCATGGAAGCGCACGTTAGC
YLR336C,ATGAGACAGCCACATCGG
YLR336C,ATGAGACAGCCACTATCGGC
YLR347C,TTAGACTCACCACAGCAGGC
YLR347C,TTAGACTCACCATAGCGGGC
YLR347C,TTTGGATATGCCCATCACCGAG
YLR359W,CCCTAGTATGAACTTATGGC
YLR383W,ACGGTCTAAGGACTCTTCAT
YLR383W,GGTCTCTTATAAGCTCATTT
YLR438C-A,ACTCAAACATAACTCTGGCG
YLR438C-A,ACTCAAACATAACTTGGCG
YLR438C-A,ACTCAAACATAACT-TGGCG
YLR457C,ATATCAGAGTACGCGCTGCG
YLR457C,ATTTTCCGTTTGTTTCAGAT
YML010W,TAGCNCCAGTGCGTACAGTG
YML010W,TAGCTCCAGTGCGTACAGTG
YML015C,ATCAGTATGTCACCTGCTGG
YML015C,GCAGCTTTCTGAATATCTGG
YML023C,ATTGCACCCGCATTGATACG
YML023C,CGCGTATAAGTGTGCATAAG
YML023C,TGCGTATAAGTGTGCATAAG
YML046W,TATCCATCGAGGAGGACCNN
YML046W,TATCCATCGAGGAGGACCTG
YML064C,AGGCTCACCTGCATCTCAT
YML064C,AGG-CTCACTTGCATCTCAT
YML064C,AG-GCTCACTTGCATCTCAT
YML064C,AGGGCTCACTTGCATCTCAT
YML069W,CCGAGATGTGCATATTTCTG
YML093W,ACTAATGCTAATTGAGGC
YML093W,GCACTAATGCTAATTGAGGC
YML098W,CCTACACATAATGATTGCC
YML098W,CCTACACAT-AATGATTGCC
YML098W,CCTACACATGAATGATTGCC
YML105C,GTCGCGCATCAAGAACACGA
YML114C,CCGCGTGCCAAAGATGCAAA
YML114C,CGCGTGCCAAAGATGCAAA
YML125C,AGATGCCGATGCACGCTCAT
YML127W,CTGAGGCCCATGCTTCTG
YML127W,TACTGAGGCCCATGCTTCTG
YML127W,TACTGGGGCCCATGCTTCTG
YMR001C,CATGAGGCGCTGAGCTTATT
YMR043W,CCTTTGCCATCTAGTGACGTCGTACG
YMR043W,CGATCTTATACATTGCACCG
YMR043W,CGATCTTATAC-TTGCACCG
YMR043W,NTCGATCTTATAC-TTGCAC
YMR047C,ATAGCGTTCCCAGCGTTCTG
YMR047C,ATCTCATGTCCAGCGAGTGG
YMR049C,GCTGAAGCATTCCTGAGAAG
YMR049C,GCTGAAGTATTCCTGAGAAG
YMR059W,ATTATACGTCCATCCAGCGG
YMR059W,ATTATACGTCCATCCAGCGGCGTA
YMR094W,AGCATTATGTGAACGGAGTC
YMR112C,GCTGTATCATCACTCGTCAT
YMR113W,CAGCGATACTGAGATGTCAT
YMR113W,TCAGCGATACTGAGATGTCAT
YMR117C,CACTCTTATAGATCGTGGCT
YMR168C,CATCTTCCGAGAC-GGAGTG
YMR168C,CATCTTCCGAGACGGAGTGT
YMR168C,CATCTTCCGAGACTGGAGTG
YMR200W,AGATGAGCTGCGAACTCTCC
YMR200W,AGATGAGCTGCGAACTCTCCCGTG
YMR203W,AAGAAATGGATTCAAGTATG
YMR203W,CATAGAGTAAGAGCTTCGGC
YMR203W,CATAGAGTAAGAGCTTCGGG
YMR211W,GCTGTAATGACATGGTAGTC
YMR213W,CATCATGGCGGGAATACGTC
YMR220W,CATATAGTGTAATGGAGCCG
YMR227C,CCCTGACTATGATATGAGTG
YMR227C,CTCTGACTATGATAT-AGTG
YMR227C,C--TGACTATGATAT-AGTG
YMR227C,CTGACTATGATATAGTGCGTA
YMR229C,CTATACCGTGCCAGTGAGTG
YMR235C,TATGAAGAGCCATCACCAGC
YMR236W,AAGANNGGACCACGACCAGC
YMR236W,ATGATTGGACCACGACCAGC
YMR240C,CATTAGATGGAAGGTCATGC
YMR260C,ATTCAGCGATGAGACCGGAT
YMR268C,CACATCCTGAAATCGAGGCA
YMR271C,CCTTTGAAGCAAGCAGAGGA
YMR277W,ATGATCTGCCAATCCAGCTA
YMR281W,CC-TGATGA-AAAATGAAGA
YMR281W,CCTGATGAGAAGATGAGAC
YMR281W,CC-TGATGAGAAGATGAGAC
YMR281W,CCTTGATGAGAAGATGAGAC
YMR288W,ACTCATAGTGAAGGAGATG
YMR288W,ACTCATAGTGAAGGAGATG-
YMR288W,ACTCATAGTGAAGGAGATGC
YMR290C,TA----CCAGCATTA-GCAG
YMR290C,TAGCAGCCAGCATTAGGCAG
YMR296C,ATACTCCACGGATCTGCATG
YMR314W,CCATAATTCACAATATAGGA
YMR314W,CCATCGTTCACAATCTAGGA
YNL002C,CGGTTAAGAGCCATTGATAG
YNL002C,GTTAAGAGCCATTGATAG
YNL002C,TCGCATCATCAGGCGCATAC
YNL006W,GCACCTGGTTGAACGTATAG
YNL006W,GCACCTGGTTGAACGTATG
YNL006W,GCACCTGGTTGAACGTATG-
YNL006W,GCCCCTGGTTGANCGTATGC
YNL026W,CCCATAGCATGAGATCCTAG
YNL026W,CCCATAGCATGAGATCCTAGCGTA
YNL038W,GGTGACCATCGCACATCTAG
YNL039W,CACGAGTCAGTACCATCTAG
YNL061W,AGGATGGGCCAATCTCCCTA
YNL061W,AGGATGGGCCAAT-TCCCGA
YNL061W,AGGATGGGCCAATTCCCTA
YNL088W,ACAGACCCTAAAGCGTGTCA
YNL088W,TTACAGACCCTAAAGCGTGTCA
YNL103W,ACGGCATCTATCATTAGGTG
YNL103W,TCATCAAGAACTGTGAGCAG
YNL110C,TATGGCTAGGTATGACCCTT
YNL110C,TATGGCTAGGTATGACGCTT
YNL112W,TCACCGTGGCGAGATAGCTT
YNL113W,TATGAGCGTCGGGCATTATT
YNL118C,TGCGGCGATCTCCGTACATT
YNL126W,TCATCGCTAGGACCTGGTGT
YNL131W,TACCTGTTGGCATCGGCTGT
YNL149C,CAGTGAGAGTTATAGAGCCT
YNL149C,CAGTGAGAGTTATAGAGCCTC
YNL149C,GTGAGAGTTATAGAGCCT
YNL151C,AATATGACTTGCCATGCCCT
YNL152W,ATTCGATGTGCAGTGGCCCT
YNL152W,ATTCGATGTGCGTGGCCCT
YNL152W,ATTCGATGTGC-GTGGCCCT
YNL162W,ATTACCCCTGAGCATGGCGG
YNL162W,ATTACCTCTGAGCATGGCGG
YNL163C,TCACTTATGCCATGAGGCGG
YNL172W,AAGACTGGTGAAGCAGATT-
YNL172W,AAGACTGGTGAAGCAGATTC
YNL172W,AAGACTGGTGAAGCAGATTCC
YNL178W,TCACAGCAGTAAGCCTAATC
YNL182C,TACACTCGGGAATGATGCGC
YNL189W,CCGACAGATCAAGGCAGTTA
YNL207W,AATGGCTCGTCATCCGCTGT
YNL207W,TCGCCCTCGTCATCCGCATC
YNL207W,TTAATGGCTCGTCATCCGCTGT
YNL216W,ATTTGCCGAGCGATGCCCAT
YNL216W,ATTTGCCGAGCGATGCCCATCGC
YNL221C,TGCATTCTTAGACAGCGCGG
YNL222W,TATCAGTTAGCATGACGCGG
YNL232W,ATAGAGTCTGACACATTC
YNL232W,GCATAGAGTCTGACACATTC
YNL244C,CGCTGTCATAGAACTAAGAC
YNL245C,TCGTCAGAGACAGCGAAGAC
YNL245C,TCGTCAGAGACGCGAAGAT
YNL245C,TCGTCAGAGAC-GCGAAGAT
YNL251C,CCTAGAGTGCAAGAGACCTA
YNL256W,GCTTCAGACAAATACTCGCA
YNL256W,TTATTGTCCTTACTTTTATT
YNL261W,GCGCATCGCAAATCCGAGAA
YNL262W,CCTCAGCGCAAAGTTCAGAA
YNL263C,AGATTGATGTTTTTCCTTAG
YNL263C,GCTCTACGCAAACGGCAGAA
YNL267W,ATGACTACGTGGAGGCATCG
YNL267W,ATGACTACGTGGAGGCATCGCGTN
YNL267W,ATGACTACGTGGAGGCATCT
YNL272C,AAATTGGTCGAAATACGTCG
YNL272C,TGTGGCACTCTACCCATGTG
YNL287W,TGCACATCAGGTAAGAGCAG
YNL287W,TGCACATCAGTAAGAGCAG
YNL287W,TGCACATCA-GTAAGAGCAG
YNL290W,AGAGTGCTCACATCGCTGTC
YNL308C,GATATGTCCCAATGCACCTA
YNL308C,GATATGTCCCAATGCACCTAT
YNL310C,GAAGAGGCTCCAAGCACCTA
YNL313C,GCCATATCAACAGATGTCGA
YNL317W,CATTTATGGAAAGTGGCGCA
YNL317W,CATTTATGGAAAGTGGCGCAT
YNR011C,AATAAGCGTCACTCAGGGTG
YNR011C,CTCGTAGATTGTTGATCCAT
YNR026C,CAGAGGAGAGCATCTATTAG
YNR035C,GCCGTATCTTAACCTCTTAG
YNR038W,GCGGCTATCAGATTAGTTAG
YNR038W,TCTGCGGCTATCANNGATTA
YNR046W,GCATCCAGTAGTGGCAAACG
YNR046W,GCATCGAG-AGTGGCAAACG
YNR046W,GTAATACATTGGCATTTTAT
YNR053C,AATCGAAGTCTCCTGAATCG
YOL005C,AATACTGAAGCATGGGTAGC
YOL021C,CTCATCGAGCGACGTGTATG
YOL021C,CTCATCGAGCGACGTGTATGT
YOL022C,GGAGACTCTTGCACATTAT-
YOL022C,GGAGACTCTTGCACATTATG
YOL034W,CTCTATATTGGATGGAGCGT
YOL038W,GGTCCGAATACAACAGCTCA
YOL040C,ATGGTGTAAATCTCCTGA
YOL040C,GCATGGTGTAAATCTCCTGA
YOL066C,CAGCAAACCAGATGTTGTCG
YOL069W,CTTCTGAGAGGAGACTTATG
YOL077C,AGTGAGCGCCTCGCATCTAT
YOL077C,TGAGCGCCTCGCATCTAT
YOL078W,CGCTGGGTTAGCATATCTAT
YOL094C,CCAACTGGCTGTAATTTCGG
YOL094C,CCAACTGGCTGTAATTTGG-
YOL097C,AAACTGAGCTGACCTAAGGG
YOL097C,AAACTGAGCTGACCTAGGG
YOL097C,AAACTGAGCTGACCTAGGG-
YOL120C,AACTTCACCGGCATTGAAGG
YOL120C,AACTTCACCGGCATTGAAGGGCGTACGC
YOL120C,AACTTCACCGGCATTGAGGG
YOL123W,CTCCAGATTATACGATAGGG
YOL127W,TATACCTTCAGAGAGTAGGG
YOL127W,TATACTTTCAGAGAGTAGGG
YOL135C,TATTTCAGGGCCATCACGGG
YOL146W,AGGAATCCATCTCAACTGGC
YOL149W,ATACTGTGAGTCAGCGCGTT
YOL149W,CCTATACTGTGAGTCAGCGCGTT
YOR004W,GAGCCAAGTCAATTTGCTGA
YOR004W,GAGCCAAGTCAGTTTGACTG
YOR020C,TGATCCCAGACACTAGGTGC
YOR020C,TGATCCCAGACGCTAGGTGC
YOR046C,CATGATGCGCGACTTTGCGT
YOR048C,GCAGCGCAGAAAGTCTCACA
YOR048C,GCAGCGCAGAAAGTCTCACN
YOR056C,CGAGTTACAACAGTCTCTGA
YOR056C,CGAGTTACAACAGTCTCTGAT
YOR056C,CGAGTTACAACGGTCTATGA
YOR057W,CAGCCTGTTAAATCGTCTGA
YOR057W,CAGCCTGTTAAATC-TCAGA
YOR057W,CAGCCTGTTAAATCTCTGA
YOR074C,TTATCCATCACAGCGGGTGC
YOR075W,TACTATGGAGCATGTCTGAG
YOR077W,ACTGCATCGTAATGAGTGAG
YOR077W,ACTGCATCGTATGAGTGAG
YOR077W,ACTGCATCGT-ATGAGTGAG
YOR116C,ACGAGAGTCAGATATGGTTC
YOR116C,ACGAGAGTCAGATATGGTTT
YOR117W,ATACCCATCAGAGCTGGTTC
YOR122C,ACATAGTCTACAGGATCACG
YOR143C,GCACTGCACCAAGAGTCAGA
YOR145C,CTTCCCGACAGAGCAAGAGA
YOR148C,ATGGCAGCAAGCAGCATA
YOR148C,GCATGGCAGCAAGCAGCATA
YOR149C,CAGGCTCAGCAATTAGCATA
YOR151C,CCTGATGAAGAAGCTGGAAC
YOR157C,GCGACCTAGACATTATCATC
YOR159C,CCAAGAGTGCGGAATATCTC
YOR159C,CCAAGAGTGCGGAATATCTCT
YOR168W,TTGCGGCATGTGACACTCNG
YOR168W,TTGCGGCATGTGACACTCTG
YOR181W,ACAGTTCTTGACGGCACCCA
YOR181W,CGCTGATAGTTAGCTGGATT
YOR181W,CGCTGATAGTT-GCTGGATT
YOR194C,GAGACTTCATCAATACCGAC
YOR204W,GCTACAGACGAAGGCACTAC
YOR204W,GCTACAGACGAAGGCACTACC
YOR207C,GCCGTCTTATCAATCAGTAC
YOR210W,CACAGGAATGGGGCCAGCCCG
YOR210W,GAATATCGCTCAATCGGTAC
YOR217W,GAGATATAGTCAACTCCACC
YOR224C,GATATTTCAAGAGATCCC
YOR224C,GCGATATTTCAAGAGATCCC
YOR232W,GACAGAGCGGAATAATCGCC
YOR244W,GAAGCGTTGAGAATGCCTCC
YOR250C,CAGCTCGCAAGAATGTTAGA
YOR250C,GAGAGCCCATAATCTATTCC
YOR250C,GAGCCCATAATCTATTCC
YOR254C,CTCGAGCACCGATAGGCACT
YOR254C,GATGGCACACCACTTTAAGC
YOR254C,G-TGGCACACCACTTTAAGC
YOR254C,TGTGGCACACCACTTTAAGC
YOR259C,AGGTAACTGAATCT-AGC
YOR259C,GAAGGTAACTGAATCTAGC
YOR259C,GAAGGTAACTGAATCT-AGC
YOR259C,GAAGGTAACTGAATCTGAGC
YOR260W,GGCCTTACCATCAATATAGC
YOR261C,GGCCACTTCTAACAATATAGC
YOR261C,GGCCACTTCTAACATATAGC
YOR278W,GCTAATCGTACATAAGTGGC
YOR278W,TTCTGCTAATCGTACATAAGTGGCT
YOR287C,CAGCGAGTAATTTCTTGC
YOR287C,GACAGCGAGTAATTTCTTGC
YOR287C,TTCTTTTTCTTAGCTCCGAT
YOR294W,AGATCACATCACTCGATAGC
YOR294W,TCTCTGATCACATCACTCGATAGC
YOR294W,TGATCACATCACTCGATAGC
YOR319W,AGCAGCGAGGGACTCACTAT
YOR329C,GCCCGACGACAATAGTATCA
YOR336W,CCGCCACAGATCAATTAGTA
YOR336W,TCTCTCCGCCACAGATCAATTAGTA
YOR341W,CATGGCTTAGAACTTGCTAC
YOR370C,CGGAGGCTCAGATGTACTAT
YOR372C,CACTGACCTTCATGTCTAGT
YOR373W,TATGCTGCTGCACCCGTAGT
YOR373W,TCTTATGCTGCTGCACCCGTAGT
YPL010W,TATTGACAGCGTCGGCAACG
YPL010W,TATTGACAGCGTCGGCGACG
YPL012W,TTAGCACTCCGACAGCGTAG
YPL016W,GATCCGATTACTTTCACATG
YPL016W,TCGATGTAACGACTATGGAG
YPL028W,TAGACGTGTATAACGCGCAG
YPL043W,TAGAAGCGGCACGTTCTTC
YPL043W,TAGA-AGCGGCACGTTCTTC
YPL043W,TAGA-AGCGGCNCGTTCTGC
YPL043W,TAGACAGCGGCACGTTCTTC
YPL063W,TGCAATGGTTGTCCCTCCTC
YPL063W,TGGACGGCATAAGTCTCCTC
YPL076W,GACGTCCTTTATCATCCCCT
YPL076W,TATATTAGACCAGAGGTGGC
YPL076W,TATTTTAGACCAGAGGT-GC
YPL076W,TTTTAGACCAGAGGTGCC
YPL085W,TATATGGACCCAGACTCGGC
YPL085W,TCTTATATGGACCCAGACTCGGC
YPL093W,CACCTCGTGACTACATGCTAG
YPL093W,CACCTGTGACTACATGCTAG
YPL093W,CCAGTTAACCATCTGAAACC
YPL094C,ATCCAGGCACCATTGGCTAG
YPL126W,GCCAGCACGACAAGNTATTCA
YPL126W,GCCAGCACGACAAGTATTCA
YPL128C,GGCATACCGACAACGATTCA
YPL143W,GCAGCGACTACGTTGCACAT
YPL151C,ACTGATGATAGCATAGACGG
YPL160W,ATGTACGCACGACCAGTGTC
YPL160W,ATGTACGCAGACCAGTGC
YPL160W,ATGTACGCA-GACCAGTGC-
YPL160W,ATGTACGCA-GACCAGTG-C
YPL175W,ATGTCAAGTGTCGGCAAGCC
YPL204W,GGGATGTGTTCATTTTTAGT
YPL204W,TACTATCTGCCATGCCGGTG
YPL209C,CCTACGCAGAGATTATAGCG
YPL209C,TTCCTACGCAGAGATTATAGCG
YPL228W,AACAGCCTGGAAGCATTGGC
YPL228W,AACAGCCTGGAAGTATTGGC
YPL228W,AACAGCCTGGAAGTATTGGCCG
YPL233W,GCGATGCTATCAATACTCAC
YPL233W,TTAATTTCGTAGCCTTATTT
YPL237W,CCGTACAGGCAACATGACTA
YPL242C,CTGCGAACGAACTATATCGA
YPL242C,CTGCGAGCGAACTATATCGA
YPL252C,CCCGTACTATTGCTTAGATT
YPL252C,GGGCCACGAAACTGCATCAA
YPL266W,CGAGACGAGTGCTCTACATG
YPL266W,CGAGTCGAGTGCTCTACATG
YPL268W,ATATCTCCAGCATCTGAGCG
YPR010C,AGATGCCACCCACGTATGGT
YPR010C,AGATGCCACCCAGTATGGTC
YPR019W,ACTAAGATCCCATGTTGGTC
YPR019W,TCTCTACTAAGATCCCATGTTGGTC
YPR033C,ATTCGCAGACCAGCAGTGTC
YPR034W,AGAGACCGCACTAACGTGTC
YPR041W,ATCAGAAGAGTTAAGCCTTGTC
YPR041W,CAGAAGAGTTAAGCCTTGTC
YPR086W,ACGGTCTTTAATAGTGGTGT
YPR086W,CACGGTCTTTAATAGTGGTG
YPR086W,TACGGTCTTTAATAGTGGTG
YPR094W,AGCCGATATAGTAACCCTTC
YPR094W,CCGATATAGTAACCCTTC
YPR104C,CATTGCAGGCTCCATTGGTG
YPR104C,CATTGCAGGCTCCATTGGTGT
YPR105C,ACTAGGACATTCCGACCAAG
YPR107C,GAAAGCCCATTTGAGCCAAG
YPR107C,TCCCTGGATTAGGTTCCTCT
YPR108W,GGTGATCGACACTCTCCAAG
YPR108W,GGTGATCGTCACTCTCCAAG
YPR108W,TTGGTGATCGTCACTCTCCAAG
YPR110C,TACCTGGACAGTAGAGCAAG
YPR112C,AGAACTACATTCCGCGCAAG
YPR133C,CTGACGTAATAGCCTAGAAG
YPR165W,CCTAGTACAGGAGATTGAAG
YPR168W,CCGCCGATT-ATGAAATAAG
YPR168W,CCGCCGATTGATGAAATAAG
YPR175W,GCCATTACAGAGGCGATAAG
YPR175W,GCCATTACAGAGGCGATAG
YPR175W,GCCATTACAGAGGCGATAG-
YPR175W,GCCATTACAGAGGCGAT-AG
YPR178W,CGACCTGCATTCTAACTAAG
YPR180W,CCTGACTAATGGGCACTAAG
YPR182W,TCAGACCCATTGAGACTAAG
YPR183W,CTGGAGTAATACCGACTAA
YPR183W,CTGGAGTAATACCGACTAA-
YPR183W,CTGGAGTAATACCGACTAAG
YPR186C,TACGTCACACGGTGACTTCACGTG
YPR186C,TTACAGCCCAGGGACCTAAG